<?xml version="1.0" encoding="utf-8" ?>
<dwsync>
<file name="FormDangKyModel - Copy" server="tazaskin.com/public_html/timona/" local="132481514809800499" remote="132414217200000000" Dst="0" />
<file name="FormDangKyModel.php" server="tazaskin.com/public_html/timona/" local="132481514809840481" remote="132414217200000000" Dst="0" />
<file name="MainModel.php" server="tazaskin.com/public_html/timona/" local="132481514810220252" remote="132414217200000000" Dst="0" />
<file name="TimonaModel.php" server="tazaskin.com/public_html/timona/" local="132481514810260222" remote="132414217200000000" Dst="0" />
<file name="FormDangKyModel - Copy" server="103.221.222.71/public_html/timona/" local="132494560947474763" remote="132414217200000000" Dst="0" />
<file name="FormDangKyModel.php" server="103.221.222.71/public_html/timona/" local="132494560947874515" remote="132414217200000000" Dst="0" />
<file name="MainModel.php" server="103.221.222.71/public_html/timona/" local="132494560948224300" remote="132414217200000000" Dst="0" />
<file name="TimonaModel.php" server="103.221.222.71/public_html/timona/" local="132494560948614062" remote="132414217200000000" Dst="0" />
</dwsync>