<?xml version="1.0" encoding="utf-8" ?>
<dwsync>
<file name="BannerclientField.php" server="tazaskin.com/public_html/timona/" local="132481514808471316" remote="132414217200000000" Dst="0" />
<file name="ClicksField.php" server="tazaskin.com/public_html/timona/" local="132481514808571264" remote="132414217200000000" Dst="0" />
<file name="ImpmadeField.php" server="tazaskin.com/public_html/timona/" local="132481514808851083" remote="132414217200000000" Dst="0" />
<file name="ImptotalField.php" server="tazaskin.com/public_html/timona/" local="132481514808911059" remote="132414217200000000" Dst="0" />
<file name="BannerclientField.php" server="103.221.222.71/public_html/timona/" local="132494560941968146" remote="132414217200000000" Dst="0" />
<file name="ClicksField.php" server="103.221.222.71/public_html/timona/" local="132494560942387878" remote="132414217200000000" Dst="0" />
<file name="ImpmadeField.php" server="103.221.222.71/public_html/timona/" local="132494560942857607" remote="132414217200000000" Dst="0" />
<file name="ImptotalField.php" server="103.221.222.71/public_html/timona/" local="132494560943986913" remote="132414217200000000" Dst="0" />
</dwsync>