<?xml version="1.0" encoding="utf-8" ?>
<dwsync>
<file name="app.css" server="tazaskin.com/public_html/timona/" local="132481514815874107" remote="132414217200000000" Dst="0" />
<file name="editor.php" server="tazaskin.com/public_html/timona/" local="132481514816223901" remote="132414217200000000" Dst="0" />
<file name="app.js" server="tazaskin.com/public_html/timona/" local="132481514818282641" remote="132414217200000000" Dst="0" />
<file name="editor.html" server="tazaskin.com/public_html/timona/" local="132481514818582453" remote="132414217200000000" Dst="0" />
<file name="app.css" server="103.221.222.71/public_html/timona/" local="132494560957718460" remote="132414217200000000" Dst="0" />
<file name="app.js" server="103.221.222.71/public_html/timona/" local="132494560960506751" remote="132414217200000000" Dst="0" />
<file name="editor.php" server="103.221.222.71/public_html/timona/" local="132494560968431871" remote="132414217200000000" Dst="0" />
<file name="editor.html" server="103.221.222.71/public_html/timona/" local="132494560968851618" remote="132414217200000000" Dst="0" />
</dwsync>