<?xml version="1.0" encoding="utf-8" ?>
<dwsync>
<file name="DisplayController.php" server="tazaskin.com/public_html/timona/" local="132417568421571135" remote="132417568200000000" Dst="0" />
<file name="TimonaController.php" server="tazaskin.com/public_html/timona/" local="132414217200000000" remote="132414217200000000" Dst="0" />
<file name="TimonaController - Copy.php" server="tazaskin.com/public_html/timona/" local="132416812800000000" remote="132416812800000000" Dst="0" />
<file name="HocvienController.php" server="tazaskin.com/public_html/timona/" local="132434892354563325" remote="132434892000000000" Dst="0" />
<file name="GiaidapController.php" server="tazaskin.com/public_html/timona/" local="132454128558395572" remote="132454128000000000" Dst="0" />
<file name="FBloginController.php" server="tazaskin.com/public_html/timona/" local="132458264770607535" remote="132458264400000000" Dst="0" />
<file name="UserController.php" server="tazaskin.com/public_html/timona/" local="132478021228961472" remote="132478021200000000" Dst="0" />
<file name="DangkyhocController.php" server="tazaskin.com/public_html/timona/" local="132481514662937606" remote="132478572600000000" Dst="0" />
<file name="UserController.php" server="103.221.222.71/public_html/timona/" local="132488511253787290" remote="132488511000000000" Dst="0" />
<file name="NhanvienController.php" server="103.221.222.71/public_html/timona/" local="132484267038367127" remote="132484266600000000" Dst="0" />
<file name="LichhenController.php" server="103.221.222.71/public_html/timona/" local="132485872935980905" remote="132485872800000000" Dst="0" />
<file name="DangkyhocController.php" server="103.221.222.71/public_html/timona/" local="132486037956860261" remote="132486037800000000" Dst="0" />
<file name="HocvienController.php" server="103.221.222.71/public_html/timona/" local="132485987838475311" remote="132485987400000000" Dst="0" />
<file name="TimonaController.php" server="103.221.222.71/public_html/timona/" local="132414217200000000" remote="132414217200000000" Dst="0" />
<file name="KhaosatController.php" server="103.221.222.71/public_html/timona/" local="132493634359408306" remote="132493633800000000" Dst="0" />
</dwsync>