<?xml version="1.0" encoding="utf-8" ?>
<dwsync>
<file name="giaidap.js" server="tazaskin.com/public_html/timona/" local="132473971141891653" remote="132473970600000000" Dst="0" />
<file name="angularjs-social.js" server="tazaskin.com/public_html/timona/" local="132455016290857447" remote="132455016000000000" Dst="0" />
<file name="login.js" server="tazaskin.com/public_html/timona/" local="132478357944564422" remote="132478358400000000" Dst="0" />
<file name="user.js" server="tazaskin.com/public_html/timona/" local="132466227961728196" remote="132466227600000000" Dst="0" />
<file name="usertimona.js" server="tazaskin.com/public_html/timona/" local="132475747985918375" remote="132475747800000000" Dst="0" />
<file name="dangkyhoc.js" server="tazaskin.com/public_html/timona/" local="132478963626544804" remote="132478963200000000" Dst="0" />
<file name="login - Copy.js" server="tazaskin.com/public_html/timona/" local="132477278400000000" remote="132477278400000000" Dst="0" />
<file name="usertimona.js" server="103.221.222.71/public_html/timona/" local="132485879175762316" remote="132485878800000000" Dst="0" />
<file name="dangkyhoc.js" server="103.221.222.71/public_html/timona/" local="132494560815347763" remote="132486306600000000" Dst="0" />
<file name="login.js" server="103.221.222.71/public_html/timona/" local="132485987387842012" remote="132485987400000000" Dst="0" />
<file name="nhavien.js" server="103.221.222.71/public_html/timona/" local="132481779600000000" remote="132481779600000000" Dst="0" />
<file name="lichhen.js" server="103.221.222.71/public_html/timona/" local="132485144818371831" remote="132485144400000000" Dst="0" />
<file name="login - Copy.js" server="103.221.222.71/public_html/timona/" local="132477278400000000" remote="132477278400000000" Dst="0" />
<file name="hocvien.js" server="103.221.222.71/public_html/timona/" local="132490985627693114" remote="132490985400000000" Dst="0" />
<file name="firebase.js" server="103.221.222.71/public_html/timona/" local="132486026179899872" remote="132486025800000000" Dst="0" />
<file name="khaosat.js" server="103.221.222.71/public_html/timona/" local="132493634706085013" remote="132493634400000000" Dst="0" />
</dwsync>