<?xml version="1.0" encoding="utf-8"?>
<extension type="component" method="upgrade">
	<name>com_timona</name>
	<author>Timona Academy</author>
	<creationDate>08/2020</creationDate>
	<copyright>(C) 2005 - 2019 Open Source Matters. All rights reserved.</copyright>
	<license>GNU General Public License version 2 or later; see LICENSE.txt</license>
	<authorEmail>info@timona.edu.vn</authorEmail>
	<authorUrl>www.timona.edu.vn</authorUrl>
	<version>4.0.5</version>
	<description>COM_TIMONA_XML_DESCRIPTION</description>
	<namespace path="src">Joomla\Component\Timona</namespace>
	
	<files folder="site">
		<folder>src</folder>
		<folder>tmpl</folder>
		<folder>js</folder>
		<folder>css</folder>
	</files>
	
	<languages folder="site">
		<language tag="en-GB">language/en-GB/com_timona.ini</language>
	</languages>

	<administration>
		<menu img="class:bookmark">com_timona</menu>
		<submenu>
			<!--
				Note that all & must be escaped to &amp; for the file to be valid
				XML and be parsed by the installer
			-->
			<menu
				link="option=com_timona"
				view="timona"
				img="class:timona"
				alt="Timona/Timona"
				>
				com_timona_timona
			</menu>
			<menu
				link="option=com_timona&amp;view=khachhang"
				view="khachhang"
				img="class:taza-khachhang"
				alt="Timona/KhachHang"
				>
				com_timona_khachhang
			</menu>			
		</submenu>
		<files folder="admin">
			<filename>access.xml</filename>
			<filename>config.xml</filename>
			<folder>forms</folder>
			<folder>helpers</folder>
			<folder>services</folder>
			<folder>js</folder>
			<folder>sql</folder>
			<folder>src</folder>
			<folder>tmpl</folder>
		</files>
		
		<languages folder="admin">
			<language tag="en-GB">language/en-GB/com_timona.ini</language>
			<language tag="en-GB">language/en-GB/com_timona.sys.ini</language>
		</languages>
		
	</administration>
			<updateservers>
	<server type="extension" name="Timona Updates">https://github.com/Katapordev/timona/raw/main/timonaupdate.xml</server>
	</updateservers>
</extension>
